T(min),CFU/ml,gDW/ml(estimate),gDW/L(estimate)
0,6400000,0.0000192,0.0192
60,17800000,0.0000534,0.0534
90,37500000,0.0001125,0.1125
105,59200000,0.0001776,0.1776
120,275000000,0.000825,0.825
150,356000000,0.001068,1.068
